<?xml version="1.0"?>
<!--<!DOCTYPE metadata SYSTEM "http://www.esri.com/metadata/esriprof80.dtd">-->
<metadata xml:lang="en"><Esri><CreaDate>20101028</CreaDate><CreaTime>08072100</CreaTime><SyncOnce>TRUE</SyncOnce><DataProperties><lineage><Process ToolSource="C:\ArcGIS\ArcToolbox\Toolboxes\Data Management Tools.tbx\Project" Date="20101027" Time="175232">Project Yahara_River_HRUs_geo_WGS84 D:\ORQData\GDP_analysis_shapes\yaharah_shape\Yahara_River_HRUs_geo_WGS84_.shp PROJCS['WGS_1984_Stereographic_North_Pole',GEOGCS['GCS_WGS_1984',DATUM['D_WGS_1984',SPHEROID['WGS_1984',6378137.0,298.257223563]],PRIMEM['Greenwich',0.0],UNIT['Degree',0.0174532925199433]],PROJECTION['Stereographic_North_Pole'],PARAMETER['False_Easting',0.0],PARAMETER['False_Northing',0.0],PARAMETER['Central_Meridian',-105.0],PARAMETER['Standard_Parallel_1',59.98414799666666],UNIT['User_Defined_Unit',1000.0]] # GEOGCS['GCS_WGS_1984',DATUM['D_WGS_1984',SPHEROID['WGS_1984',6378137.0,298.257223563]],PRIMEM['Greenwich',0.0],UNIT['Degree',0.0174532925199433]]</Process><Process ToolSource="C:\ArcGIS\ArcToolbox\Toolboxes\Data Management Tools.tbx\Project" Date="20101028" Time="080721">Project Yahara_River_HRUs_geo_stnp D:\ORQData\gdp_testing\final_tests\Yahara_River_HRUs_alb_eq.shp PROJCS['Albers_Equal_Area_Conic_USGS_CONUS_NAD83',GEOGCS['GCS_North_American_1983',DATUM['D_North_American_1983',SPHEROID['GRS_1980',6378137.0,298.257222101]],PRIMEM['Greenwich',0.0],UNIT['Degree',0.0174532925199433]],PROJECTION['Albers'],PARAMETER['False_Easting',0.0],PARAMETER['False_Northing',0.0],PARAMETER['Central_Meridian',-96.0],PARAMETER['Standard_Parallel_1',29.5],PARAMETER['Standard_Parallel_2',45.5],PARAMETER['Latitude_Of_Origin',23.0],UNIT['Meter',1.0]] NAD_1983_To_WGS_1984_1 PROJCS['WGS_1984_Stereographic_North_Pole',GEOGCS['GCS_WGS_1984',DATUM['D_WGS_1984',SPHEROID['WGS_1984',6378137.0,298.257223563]],PRIMEM['Greenwich',0.0],UNIT['Degree',0.0174532925199433]],PROJECTION['Stereographic_North_Pole'],PARAMETER['False_Easting',0.0],PARAMETER['False_Northing',0.0],PARAMETER['Central_Meridian',-105.0],PARAMETER['Standard_Parallel_1',59.98414799666666],UNIT['User_Defined_Unit',1000.0]]</Process></lineage></DataProperties><MetaID>{DC5BD6BE-D678-45B1-A658-0AEA21581A13}</MetaID></Esri><idinfo><citation><citeinfo><onlink Sync="TRUE">\\IGSARMEWWSORQ\D\ORQData\gdp_testing\final_tests\ncrfc\Yahara_River_HRUs_alb_eq</onlink></citeinfo></citation></idinfo><distInfo><distributor><distorTran><onLineSrc><linkage Sync="TRUE">file://\\IGSARMEWWSORQ\D\ORQData\gdp_testing\final_tests\ncrfc\Yahara_River_HRUs_alb_eq</linkage><protocol Sync="TRUE">Local Area Network</protocol></onLineSrc></distorTran></distributor></distInfo><dataqual><lineage><procstep><procdesc Sync="TRUE">Dataset moved.</procdesc><srcused Sync="TRUE">D:\ORQData\GDP_analysis_shapes\yaharah_shape\Yahara_River_HRUs_geo_WGS84_</srcused><procdate Sync="TRUE">20101027</procdate><proctime Sync="TRUE">17540900</proctime></procstep><procstep><procdesc Sync="TRUE">Dataset copied.</procdesc><srcused Sync="TRUE"></srcused><procdate Sync="TRUE">20101028</procdate><proctime Sync="TRUE">08072100</proctime></procstep><procstep><procdesc Sync="TRUE">Dataset moved.</procdesc><srcused Sync="TRUE">D:\ORQData\gdp_testing\final_tests\Yahara_River_HRUs_alb_eq</srcused><procdate Sync="TRUE">20101028</procdate><proctime Sync="TRUE">08171600</proctime></procstep></lineage></dataqual></metadata>
